--------------------------------------------------------
-- Archivo creado  - martes-mayo-26-2020   
--------------------------------------------------------
DROP SEQUENCE "TROFEO_ALCALDESA"."EDICION_SEQ";
DROP TABLE "TROFEO_ALCALDESA"."CLASIFICACION" cascade constraints;
DROP TABLE "TROFEO_ALCALDESA"."EDICION" cascade constraints;
DROP TABLE "TROFEO_ALCALDESA"."EQUIPO" cascade constraints;
DROP TABLE "TROFEO_ALCALDESA"."EQUIPOS_ED1" cascade constraints;
DROP TABLE "TROFEO_ALCALDESA"."JORNADA" cascade constraints;
DROP TABLE "TROFEO_ALCALDESA"."PARTIDO" cascade constraints;
DROP VIEW "TROFEO_ALCALDESA"."CLASIFICACION_ED1";
DROP PROCEDURE "TROFEO_ALCALDESA"."NUEVA_EDICION";
DROP PROCEDURE "TROFEO_ALCALDESA"."NUEVO_EQUIPO";
DROP PROCEDURE "TROFEO_ALCALDESA"."VER_EQUIPOS";
DROP FUNCTION "TROFEO_ALCALDESA"."RESULTADO";
DROP FUNCTION "TROFEO_ALCALDESA"."VER_EQUIPO";
--------------------------------------------------------
--  DDL for Sequence EDICION_SEQ
--------------------------------------------------------

   CREATE SEQUENCE  "TROFEO_ALCALDESA"."EDICION_SEQ"  MINVALUE 1 MAXVALUE 9999999999999999999999999999 INCREMENT BY 1 START WITH 3 CACHE 20 NOORDER  NOCYCLE ;
--------------------------------------------------------
--  DDL for Table CLASIFICACION
--------------------------------------------------------

  CREATE TABLE "TROFEO_ALCALDESA"."CLASIFICACION" 
   (	"IDCLASIFICACION" NUMBER(5,0), 
	"IDEQUIPO" NUMBER(5,0), 
	"IDJORNADA" NUMBER(2,0), 
	"IDEDICION" NUMBER(4,0), 
	"PUESTO" NUMBER(2,0)
   ) SEGMENT CREATION IMMEDIATE 
  PCTFREE 10 PCTUSED 40 INITRANS 1 MAXTRANS 255 NOCOMPRESS LOGGING
  STORAGE(INITIAL 65536 NEXT 1048576 MINEXTENTS 1 MAXEXTENTS 2147483645
  PCTINCREASE 0 FREELISTS 1 FREELIST GROUPS 1 BUFFER_POOL DEFAULT FLASH_CACHE DEFAULT CELL_FLASH_CACHE DEFAULT)
  TABLESPACE "USERS" ;
--------------------------------------------------------
--  DDL for Table EDICION
--------------------------------------------------------

  CREATE TABLE "TROFEO_ALCALDESA"."EDICION" 
   (	"IDEDICION" NUMBER(4,0), 
	"AÑO" NUMBER(4,0)
   ) SEGMENT CREATION IMMEDIATE 
  PCTFREE 10 PCTUSED 40 INITRANS 1 MAXTRANS 255 NOCOMPRESS LOGGING
  STORAGE(INITIAL 65536 NEXT 1048576 MINEXTENTS 1 MAXEXTENTS 2147483645
  PCTINCREASE 0 FREELISTS 1 FREELIST GROUPS 1 BUFFER_POOL DEFAULT FLASH_CACHE DEFAULT CELL_FLASH_CACHE DEFAULT)
  TABLESPACE "USERS" ;
--------------------------------------------------------
--  DDL for Table EQUIPO
--------------------------------------------------------

  CREATE TABLE "TROFEO_ALCALDESA"."EQUIPO" 
   (	"IDEQUIPO" NUMBER(5,0), 
	"IDEDICION" NUMBER(4,0), 
	"NOMBRE" VARCHAR2(50 BYTE)
   ) SEGMENT CREATION IMMEDIATE 
  PCTFREE 10 PCTUSED 40 INITRANS 1 MAXTRANS 255 NOCOMPRESS LOGGING
  STORAGE(INITIAL 65536 NEXT 1048576 MINEXTENTS 1 MAXEXTENTS 2147483645
  PCTINCREASE 0 FREELISTS 1 FREELIST GROUPS 1 BUFFER_POOL DEFAULT FLASH_CACHE DEFAULT CELL_FLASH_CACHE DEFAULT)
  TABLESPACE "USERS" ;
--------------------------------------------------------
--  DDL for Table EQUIPOS_ED1
--------------------------------------------------------

  CREATE TABLE "TROFEO_ALCALDESA"."EQUIPOS_ED1" 
   (	"NOMBRE" VARCHAR2(50 BYTE)
   ) SEGMENT CREATION IMMEDIATE 
  PCTFREE 10 PCTUSED 40 INITRANS 1 MAXTRANS 255 NOCOMPRESS LOGGING
  STORAGE(INITIAL 65536 NEXT 1048576 MINEXTENTS 1 MAXEXTENTS 2147483645
  PCTINCREASE 0 FREELISTS 1 FREELIST GROUPS 1 BUFFER_POOL DEFAULT FLASH_CACHE DEFAULT CELL_FLASH_CACHE DEFAULT)
  TABLESPACE "USERS" ;
--------------------------------------------------------
--  DDL for Table JORNADA
--------------------------------------------------------

  CREATE TABLE "TROFEO_ALCALDESA"."JORNADA" 
   (	"IDJORNADA" NUMBER(2,0), 
	"IDEDICION" NUMBER(4,0)
   ) SEGMENT CREATION IMMEDIATE 
  PCTFREE 10 PCTUSED 40 INITRANS 1 MAXTRANS 255 NOCOMPRESS LOGGING
  STORAGE(INITIAL 65536 NEXT 1048576 MINEXTENTS 1 MAXEXTENTS 2147483645
  PCTINCREASE 0 FREELISTS 1 FREELIST GROUPS 1 BUFFER_POOL DEFAULT FLASH_CACHE DEFAULT CELL_FLASH_CACHE DEFAULT)
  TABLESPACE "USERS" ;
--------------------------------------------------------
--  DDL for Table PARTIDO
--------------------------------------------------------

  CREATE TABLE "TROFEO_ALCALDESA"."PARTIDO" 
   (	"IDPARTIDO" NUMBER(5,0), 
	"EQUIPO1" NUMBER(5,0), 
	"EQUIPO2" NUMBER(5,0), 
	"RESULTADO" VARCHAR2(5 BYTE), 
	"IDEDICION" NUMBER(4,0)
   ) SEGMENT CREATION IMMEDIATE 
  PCTFREE 10 PCTUSED 40 INITRANS 1 MAXTRANS 255 NOCOMPRESS LOGGING
  STORAGE(INITIAL 65536 NEXT 1048576 MINEXTENTS 1 MAXEXTENTS 2147483645
  PCTINCREASE 0 FREELISTS 1 FREELIST GROUPS 1 BUFFER_POOL DEFAULT FLASH_CACHE DEFAULT CELL_FLASH_CACHE DEFAULT)
  TABLESPACE "USERS" ;
--------------------------------------------------------
--  DDL for View CLASIFICACION_ED1
--------------------------------------------------------

  CREATE OR REPLACE FORCE VIEW "TROFEO_ALCALDESA"."CLASIFICACION_ED1" ("JORNADA", "PUESTO", "EQUIPO") AS 
  SELECT IDJORNADA AS JORNADA, PUESTO,(SELECT NOMBRE FROM EQUIPO WHERE EQUIPO.IDEQUIPO=CLASIFICACION.IDEQUIPO) AS EQUIPO 
FROM CLASIFICACION ORDER BY PUESTO
;
REM INSERTING into TROFEO_ALCALDESA.CLASIFICACION
SET DEFINE OFF;
Insert into TROFEO_ALCALDESA.CLASIFICACION (IDCLASIFICACION,IDEQUIPO,IDJORNADA,IDEDICION,PUESTO) values ('1','1','1','1','1');
Insert into TROFEO_ALCALDESA.CLASIFICACION (IDCLASIFICACION,IDEQUIPO,IDJORNADA,IDEDICION,PUESTO) values ('2','2','1','1','2');
Insert into TROFEO_ALCALDESA.CLASIFICACION (IDCLASIFICACION,IDEQUIPO,IDJORNADA,IDEDICION,PUESTO) values ('3','3','1','1','3');
Insert into TROFEO_ALCALDESA.CLASIFICACION (IDCLASIFICACION,IDEQUIPO,IDJORNADA,IDEDICION,PUESTO) values ('4','4','1','1','4');
Insert into TROFEO_ALCALDESA.CLASIFICACION (IDCLASIFICACION,IDEQUIPO,IDJORNADA,IDEDICION,PUESTO) values ('5','1','2','1','3');
Insert into TROFEO_ALCALDESA.CLASIFICACION (IDCLASIFICACION,IDEQUIPO,IDJORNADA,IDEDICION,PUESTO) values ('6','2','2','1','2');
Insert into TROFEO_ALCALDESA.CLASIFICACION (IDCLASIFICACION,IDEQUIPO,IDJORNADA,IDEDICION,PUESTO) values ('7','3','2','1','1');
Insert into TROFEO_ALCALDESA.CLASIFICACION (IDCLASIFICACION,IDEQUIPO,IDJORNADA,IDEDICION,PUESTO) values ('8','4','2','1','4');
REM INSERTING into TROFEO_ALCALDESA.EDICION
SET DEFINE OFF;
Insert into TROFEO_ALCALDESA.EDICION (IDEDICION,"AÑO") values ('1','2020');
Insert into TROFEO_ALCALDESA.EDICION (IDEDICION,"AÑO") values ('2','2021');
REM INSERTING into TROFEO_ALCALDESA.EQUIPO
SET DEFINE OFF;
Insert into TROFEO_ALCALDESA.EQUIPO (IDEQUIPO,IDEDICION,NOMBRE) values ('1','1','MADERAS MORAL');
Insert into TROFEO_ALCALDESA.EQUIPO (IDEQUIPO,IDEDICION,NOMBRE) values ('2','1','AUTOS PEGALAJAR');
Insert into TROFEO_ALCALDESA.EQUIPO (IDEQUIPO,IDEDICION,NOMBRE) values ('3','1','GRAFICAS CHICA');
Insert into TROFEO_ALCALDESA.EQUIPO (IDEQUIPO,IDEDICION,NOMBRE) values ('4','1','LA FLOR DE VALENCIA');
Insert into TROFEO_ALCALDESA.EQUIPO (IDEQUIPO,IDEDICION,NOMBRE) values ('5','2','HIERROS MORAL');
Insert into TROFEO_ALCALDESA.EQUIPO (IDEQUIPO,IDEDICION,NOMBRE) values ('5','1','HIERROS MORAL');
REM INSERTING into TROFEO_ALCALDESA.EQUIPOS_ED1
SET DEFINE OFF;
Insert into TROFEO_ALCALDESA.EQUIPOS_ED1 (NOMBRE) values ('MADERAS MORAL');
Insert into TROFEO_ALCALDESA.EQUIPOS_ED1 (NOMBRE) values ('AUTOS PEGALAJAR');
Insert into TROFEO_ALCALDESA.EQUIPOS_ED1 (NOMBRE) values ('GRAFICAS CHICA');
Insert into TROFEO_ALCALDESA.EQUIPOS_ED1 (NOMBRE) values ('LA FLOR DE VALENCIA');
REM INSERTING into TROFEO_ALCALDESA.JORNADA
SET DEFINE OFF;
Insert into TROFEO_ALCALDESA.JORNADA (IDJORNADA,IDEDICION) values ('1','1');
Insert into TROFEO_ALCALDESA.JORNADA (IDJORNADA,IDEDICION) values ('2','1');
REM INSERTING into TROFEO_ALCALDESA.PARTIDO
SET DEFINE OFF;
Insert into TROFEO_ALCALDESA.PARTIDO (IDPARTIDO,EQUIPO1,EQUIPO2,RESULTADO,IDEDICION) values ('1','1','2','00-03','1');
Insert into TROFEO_ALCALDESA.PARTIDO (IDPARTIDO,EQUIPO1,EQUIPO2,RESULTADO,IDEDICION) values ('2','3','4','01-01','1');
Insert into TROFEO_ALCALDESA.PARTIDO (IDPARTIDO,EQUIPO1,EQUIPO2,RESULTADO,IDEDICION) values ('3','1','3','04-02','1');
Insert into TROFEO_ALCALDESA.PARTIDO (IDPARTIDO,EQUIPO1,EQUIPO2,RESULTADO,IDEDICION) values ('4','2','4','02-00','1');
--------------------------------------------------------
--  DDL for Index EDICION_PK
--------------------------------------------------------

  CREATE UNIQUE INDEX "TROFEO_ALCALDESA"."EDICION_PK" ON "TROFEO_ALCALDESA"."EDICION" ("IDEDICION") 
  PCTFREE 10 INITRANS 2 MAXTRANS 255 COMPUTE STATISTICS 
  STORAGE(INITIAL 65536 NEXT 1048576 MINEXTENTS 1 MAXEXTENTS 2147483645
  PCTINCREASE 0 FREELISTS 1 FREELIST GROUPS 1 BUFFER_POOL DEFAULT FLASH_CACHE DEFAULT CELL_FLASH_CACHE DEFAULT)
  TABLESPACE "USERS" ;
--------------------------------------------------------
--  DDL for Index CLASIFICACION_PK
--------------------------------------------------------

  CREATE UNIQUE INDEX "TROFEO_ALCALDESA"."CLASIFICACION_PK" ON "TROFEO_ALCALDESA"."CLASIFICACION" ("IDCLASIFICACION") 
  PCTFREE 10 INITRANS 2 MAXTRANS 255 COMPUTE STATISTICS 
  STORAGE(INITIAL 65536 NEXT 1048576 MINEXTENTS 1 MAXEXTENTS 2147483645
  PCTINCREASE 0 FREELISTS 1 FREELIST GROUPS 1 BUFFER_POOL DEFAULT FLASH_CACHE DEFAULT CELL_FLASH_CACHE DEFAULT)
  TABLESPACE "USERS" ;
--------------------------------------------------------
--  DDL for Index EQUIPO_PK
--------------------------------------------------------

  CREATE UNIQUE INDEX "TROFEO_ALCALDESA"."EQUIPO_PK" ON "TROFEO_ALCALDESA"."EQUIPO" ("IDEQUIPO", "IDEDICION") 
  PCTFREE 10 INITRANS 2 MAXTRANS 255 COMPUTE STATISTICS 
  STORAGE(INITIAL 65536 NEXT 1048576 MINEXTENTS 1 MAXEXTENTS 2147483645
  PCTINCREASE 0 FREELISTS 1 FREELIST GROUPS 1 BUFFER_POOL DEFAULT FLASH_CACHE DEFAULT CELL_FLASH_CACHE DEFAULT)
  TABLESPACE "USERS" ;
--------------------------------------------------------
--  DDL for Index PARTIDO_PK
--------------------------------------------------------

  CREATE UNIQUE INDEX "TROFEO_ALCALDESA"."PARTIDO_PK" ON "TROFEO_ALCALDESA"."PARTIDO" ("IDPARTIDO") 
  PCTFREE 10 INITRANS 2 MAXTRANS 255 COMPUTE STATISTICS 
  STORAGE(INITIAL 65536 NEXT 1048576 MINEXTENTS 1 MAXEXTENTS 2147483645
  PCTINCREASE 0 FREELISTS 1 FREELIST GROUPS 1 BUFFER_POOL DEFAULT FLASH_CACHE DEFAULT CELL_FLASH_CACHE DEFAULT)
  TABLESPACE "USERS" ;
--------------------------------------------------------
--  DDL for Index JORNADA_PK
--------------------------------------------------------

  CREATE UNIQUE INDEX "TROFEO_ALCALDESA"."JORNADA_PK" ON "TROFEO_ALCALDESA"."JORNADA" ("IDJORNADA", "IDEDICION") 
  PCTFREE 10 INITRANS 2 MAXTRANS 255 COMPUTE STATISTICS 
  STORAGE(INITIAL 65536 NEXT 1048576 MINEXTENTS 1 MAXEXTENTS 2147483645
  PCTINCREASE 0 FREELISTS 1 FREELIST GROUPS 1 BUFFER_POOL DEFAULT FLASH_CACHE DEFAULT CELL_FLASH_CACHE DEFAULT)
  TABLESPACE "USERS" ;
--------------------------------------------------------
--  DDL for Trigger BI_EDICION
--------------------------------------------------------

  CREATE OR REPLACE TRIGGER "TROFEO_ALCALDESA"."BI_EDICION" 
BEFORE INSERT ON edicion 
FOR EACH ROW

BEGIN
  SELECT edicion_seq.NEXTVAL
  INTO   :new.idedicion
  FROM   dual;
END;

/
ALTER TRIGGER "TROFEO_ALCALDESA"."BI_EDICION" ENABLE;
--------------------------------------------------------
--  DDL for Trigger BIU_EQUIPOS
--------------------------------------------------------

  CREATE OR REPLACE TRIGGER "TROFEO_ALCALDESA"."BIU_EQUIPOS" 
BEFORE INSERT OR UPDATE
ON EQUIPO
FOR EACH ROW
BEGIN
  :NEW.NOMBRE:=UPPER(:NEW.NOMBRE);
END;
/
ALTER TRIGGER "TROFEO_ALCALDESA"."BIU_EQUIPOS" ENABLE;
--------------------------------------------------------
--  DDL for Procedure NUEVA_EDICION
--------------------------------------------------------
set define off;

  CREATE OR REPLACE PROCEDURE "TROFEO_ALCALDESA"."NUEVA_EDICION" 
( n_idedicion IN edicion.idedicion%TYPE,
  n_año IN edicion.año%TYPE)
IS
BEGIN
INSERT INTO edicion
VALUES (n_idedicion,n_año);
END nueva_edicion;

/
--------------------------------------------------------
--  DDL for Procedure NUEVO_EQUIPO
--------------------------------------------------------
set define off;

  CREATE OR REPLACE PROCEDURE "TROFEO_ALCALDESA"."NUEVO_EQUIPO" 
( n_idequipo IN equipo.idequipo%TYPE,
  n_idedicion IN equipo.idedicion%TYPE,
  n_nombre IN equipo.nombre%TYPE)
IS
BEGIN
INSERT INTO equipo
VALUES (n_idequipo,n_idedicion,n_nombre);
END nuevo_equipo;

/
--------------------------------------------------------
--  DDL for Procedure VER_EQUIPOS
--------------------------------------------------------
set define off;

  CREATE OR REPLACE PROCEDURE "TROFEO_ALCALDESA"."VER_EQUIPOS" 
AS 
    CURSOR CUR_EQUIPOS IS SELECT NOMBRE FROM equipo;
    V_EQUIPO EQUIPO.NOMBRE%TYPE;
BEGIN
    OPEN CUR_EQUIPOS;

    LOOP
        FETCH CUR_EQUIPOS INTO V_EQUIPO;
        EXIT WHEN CUR_EQUIPOS%NOTFOUND; 
        DBMS_OUTPUT.PUT_LINE(V_EQUIPO);
    END LOOP;

    CLOSE CUR_EQUIPOS;

END;

/
--------------------------------------------------------
--  DDL for Function RESULTADO
--------------------------------------------------------

  CREATE OR REPLACE FUNCTION "TROFEO_ALCALDESA"."RESULTADO" 
( n_idpartido IN partido.idpartido%TYPE
  )
RETURN VARCHAR2
IS
  n_resultado partido.resultado%TYPE;
BEGIN
SELECT resultado INTO n_resultado
FROM partido
WHERE idpartido=n_idpartido;
return(n_resultado);
END resultado;

/
--------------------------------------------------------
--  DDL for Function VER_EQUIPO
--------------------------------------------------------

  CREATE OR REPLACE FUNCTION "TROFEO_ALCALDESA"."VER_EQUIPO" 
( n_idequipo IN equipo.idequipo%TYPE,
  n_idedicion IN equipo.idedicion%TYPE
  )
RETURN VARCHAR2
IS
  n_nombre equipo.nombre%TYPE;
BEGIN
SELECT nombre INTO n_nombre
FROM equipo
WHERE idequipo=n_idequipo AND idedicion=n_idedicion;
return(n_nombre);
END ver_equipo;

/
--------------------------------------------------------
--  Constraints for Table EDICION
--------------------------------------------------------

  ALTER TABLE "TROFEO_ALCALDESA"."EDICION" ADD CONSTRAINT "EDICION_PK" PRIMARY KEY ("IDEDICION")
  USING INDEX PCTFREE 10 INITRANS 2 MAXTRANS 255 COMPUTE STATISTICS 
  STORAGE(INITIAL 65536 NEXT 1048576 MINEXTENTS 1 MAXEXTENTS 2147483645
  PCTINCREASE 0 FREELISTS 1 FREELIST GROUPS 1 BUFFER_POOL DEFAULT FLASH_CACHE DEFAULT CELL_FLASH_CACHE DEFAULT)
  TABLESPACE "USERS"  ENABLE;
  ALTER TABLE "TROFEO_ALCALDESA"."EDICION" MODIFY ("AÑO" NOT NULL ENABLE);
  ALTER TABLE "TROFEO_ALCALDESA"."EDICION" MODIFY ("IDEDICION" NOT NULL ENABLE);
--------------------------------------------------------
--  Constraints for Table JORNADA
--------------------------------------------------------

  ALTER TABLE "TROFEO_ALCALDESA"."JORNADA" ADD CONSTRAINT "JORNADA_PK" PRIMARY KEY ("IDJORNADA", "IDEDICION")
  USING INDEX PCTFREE 10 INITRANS 2 MAXTRANS 255 COMPUTE STATISTICS 
  STORAGE(INITIAL 65536 NEXT 1048576 MINEXTENTS 1 MAXEXTENTS 2147483645
  PCTINCREASE 0 FREELISTS 1 FREELIST GROUPS 1 BUFFER_POOL DEFAULT FLASH_CACHE DEFAULT CELL_FLASH_CACHE DEFAULT)
  TABLESPACE "USERS"  ENABLE;
  ALTER TABLE "TROFEO_ALCALDESA"."JORNADA" MODIFY ("IDEDICION" NOT NULL ENABLE);
  ALTER TABLE "TROFEO_ALCALDESA"."JORNADA" MODIFY ("IDJORNADA" NOT NULL ENABLE);
--------------------------------------------------------
--  Constraints for Table CLASIFICACION
--------------------------------------------------------

  ALTER TABLE "TROFEO_ALCALDESA"."CLASIFICACION" ADD CONSTRAINT "CLASIFICACION_PK" PRIMARY KEY ("IDCLASIFICACION")
  USING INDEX PCTFREE 10 INITRANS 2 MAXTRANS 255 COMPUTE STATISTICS 
  STORAGE(INITIAL 65536 NEXT 1048576 MINEXTENTS 1 MAXEXTENTS 2147483645
  PCTINCREASE 0 FREELISTS 1 FREELIST GROUPS 1 BUFFER_POOL DEFAULT FLASH_CACHE DEFAULT CELL_FLASH_CACHE DEFAULT)
  TABLESPACE "USERS"  ENABLE;
  ALTER TABLE "TROFEO_ALCALDESA"."CLASIFICACION" MODIFY ("PUESTO" NOT NULL ENABLE);
  ALTER TABLE "TROFEO_ALCALDESA"."CLASIFICACION" MODIFY ("IDEDICION" NOT NULL ENABLE);
  ALTER TABLE "TROFEO_ALCALDESA"."CLASIFICACION" MODIFY ("IDJORNADA" NOT NULL ENABLE);
  ALTER TABLE "TROFEO_ALCALDESA"."CLASIFICACION" MODIFY ("IDEQUIPO" NOT NULL ENABLE);
  ALTER TABLE "TROFEO_ALCALDESA"."CLASIFICACION" MODIFY ("IDCLASIFICACION" NOT NULL ENABLE);
--------------------------------------------------------
--  Constraints for Table PARTIDO
--------------------------------------------------------

  ALTER TABLE "TROFEO_ALCALDESA"."PARTIDO" ADD CONSTRAINT "PARTIDO_PK" PRIMARY KEY ("IDPARTIDO")
  USING INDEX PCTFREE 10 INITRANS 2 MAXTRANS 255 COMPUTE STATISTICS 
  STORAGE(INITIAL 65536 NEXT 1048576 MINEXTENTS 1 MAXEXTENTS 2147483645
  PCTINCREASE 0 FREELISTS 1 FREELIST GROUPS 1 BUFFER_POOL DEFAULT FLASH_CACHE DEFAULT CELL_FLASH_CACHE DEFAULT)
  TABLESPACE "USERS"  ENABLE;
  ALTER TABLE "TROFEO_ALCALDESA"."PARTIDO" ADD CONSTRAINT "PARTIDO_CHK1" CHECK (REGEXP_LIKE(RESULTADO,'[0-9][0-9]-[0-9][0-9]')) ENABLE;
  ALTER TABLE "TROFEO_ALCALDESA"."PARTIDO" MODIFY ("IDEDICION" NOT NULL ENABLE);
  ALTER TABLE "TROFEO_ALCALDESA"."PARTIDO" MODIFY ("RESULTADO" NOT NULL ENABLE);
  ALTER TABLE "TROFEO_ALCALDESA"."PARTIDO" MODIFY ("EQUIPO2" NOT NULL ENABLE);
  ALTER TABLE "TROFEO_ALCALDESA"."PARTIDO" MODIFY ("EQUIPO1" NOT NULL ENABLE);
  ALTER TABLE "TROFEO_ALCALDESA"."PARTIDO" MODIFY ("IDPARTIDO" NOT NULL ENABLE);
--------------------------------------------------------
--  Constraints for Table EQUIPO
--------------------------------------------------------

  ALTER TABLE "TROFEO_ALCALDESA"."EQUIPO" ADD CONSTRAINT "EQUIPO_PK" PRIMARY KEY ("IDEQUIPO", "IDEDICION")
  USING INDEX PCTFREE 10 INITRANS 2 MAXTRANS 255 COMPUTE STATISTICS 
  STORAGE(INITIAL 65536 NEXT 1048576 MINEXTENTS 1 MAXEXTENTS 2147483645
  PCTINCREASE 0 FREELISTS 1 FREELIST GROUPS 1 BUFFER_POOL DEFAULT FLASH_CACHE DEFAULT CELL_FLASH_CACHE DEFAULT)
  TABLESPACE "USERS"  ENABLE;
  ALTER TABLE "TROFEO_ALCALDESA"."EQUIPO" ADD CONSTRAINT "EQUIPO_CHK1" CHECK (NOMBRE=UPPER(NOMBRE)) ENABLE;
  ALTER TABLE "TROFEO_ALCALDESA"."EQUIPO" MODIFY ("NOMBRE" NOT NULL ENABLE);
  ALTER TABLE "TROFEO_ALCALDESA"."EQUIPO" MODIFY ("IDEDICION" NOT NULL ENABLE);
  ALTER TABLE "TROFEO_ALCALDESA"."EQUIPO" MODIFY ("IDEQUIPO" NOT NULL ENABLE);
--------------------------------------------------------
--  Constraints for Table EQUIPOS_ED1
--------------------------------------------------------

  ALTER TABLE "TROFEO_ALCALDESA"."EQUIPOS_ED1" MODIFY ("NOMBRE" NOT NULL ENABLE);
--------------------------------------------------------
--  Ref Constraints for Table CLASIFICACION
--------------------------------------------------------

  ALTER TABLE "TROFEO_ALCALDESA"."CLASIFICACION" ADD CONSTRAINT "CLASIFICACION_FK1" FOREIGN KEY ("IDJORNADA", "IDEDICION")
	  REFERENCES "TROFEO_ALCALDESA"."JORNADA" ("IDJORNADA", "IDEDICION") ENABLE;
  ALTER TABLE "TROFEO_ALCALDESA"."CLASIFICACION" ADD CONSTRAINT "CLASIFICACION_FK2" FOREIGN KEY ("IDEQUIPO", "IDEDICION")
	  REFERENCES "TROFEO_ALCALDESA"."EQUIPO" ("IDEQUIPO", "IDEDICION") ENABLE;
--------------------------------------------------------
--  Ref Constraints for Table EQUIPO
--------------------------------------------------------

  ALTER TABLE "TROFEO_ALCALDESA"."EQUIPO" ADD CONSTRAINT "EQUIPO_FK1" FOREIGN KEY ("IDEDICION")
	  REFERENCES "TROFEO_ALCALDESA"."EDICION" ("IDEDICION") ENABLE;
--------------------------------------------------------
--  Ref Constraints for Table JORNADA
--------------------------------------------------------

  ALTER TABLE "TROFEO_ALCALDESA"."JORNADA" ADD CONSTRAINT "JORNADA_FK1" FOREIGN KEY ("IDEDICION")
	  REFERENCES "TROFEO_ALCALDESA"."EDICION" ("IDEDICION") ENABLE;
--------------------------------------------------------
--  Ref Constraints for Table PARTIDO
--------------------------------------------------------

  ALTER TABLE "TROFEO_ALCALDESA"."PARTIDO" ADD CONSTRAINT "PARTIDO_FK1" FOREIGN KEY ("EQUIPO1", "IDEDICION")
	  REFERENCES "TROFEO_ALCALDESA"."EQUIPO" ("IDEQUIPO", "IDEDICION") ENABLE;
  ALTER TABLE "TROFEO_ALCALDESA"."PARTIDO" ADD CONSTRAINT "PARTIDO_FK2" FOREIGN KEY ("EQUIPO2", "IDEDICION")
	  REFERENCES "TROFEO_ALCALDESA"."EQUIPO" ("IDEQUIPO", "IDEDICION") ENABLE;
